Age,Pos,G,PA,Rbat,Rbaser,Rdp,Rfield,Rpos,RAA,WAA,Rrep,RAR,WAR,oWAR,dWAR,oRAR,Salary
31,8,86,342,2,0,0,-10,1,-7,-0.9,11,4,0.2,1.3,-1,14,4.00000
28,14,49,66,-4,0,0,-1,0,-5,-0.5,1,-4,-0.9,-0.9,-0.1,-3,0.56350
29,8,59,255,2,-1,2,-1,1,3,0.4,9,12,1.3,1.3,0.1,13,6.28571
27,9,102,447,27,-1,-2,20,-4,40,4,16,55,5.5,3.4,1.7,35,0.68430
24,15,4,8,0,-1,0,0,0,-1,-0.1,0,-1,0,0,0,0,0.56350
30,14,17,38,2,1,0,2,0,5,0.5,1,6,0.6,0.4,0.2,4,0.56350
22,5,25,89,-2,-1,0,1,0,-1,-0.1,3,2,0.2,0.1,0.2,1,0.56350
23,6,102,443,-9,3,1,8,5,8,0.9,16,23,2.4,1.5,1.4,15,0.57600
30,7,41,130,2,0,1,1,-1,3,0.2,4,7,0.6,0.6,-0.1,6,2.87500
30,9,151,656,1,4,0,-2,-5,-3,-0.5,21,18,1.5,1.9,-0.9,20,8.40000
27,8,89,248,-6,0,0,1,2,-4,-0.3,9,5,0.6,0.4,0.4,4,0.57100
27,4,152,608,1,-1,1,-1,4,3,0.1,20,23,2,2.3,0.1,24,0.58400
23,14,67,242,-5,2,0,14,0,11,1,8,19,1.8,0.4,1.3,4,0.56350
33,9,137,528,-8,0,-1,-6,-4,-20,-2.2,17,-3,-0.6,0.2,-1.2,3,3.00000
25,4,82,241,-8,0,-1,2,3,-4,-0.5,8,3,0.2,0.1,0.4,1,3.40000
30,4,84,221,6,0,0,2,1,9,0.9,2,11,0.9,1,0.2,9,0.56350
28,15,28,32,-2,0,0,0,0,-2,-0.2,1,-1,-0.1,-0.1,0,-1,0.56350
26,10,14,49,-6,0,0,-1,-1,-8,-0.8,2,-6,-0.6,-0.6,-0.2,-5,0.56350
25,8,130,363,-16,0,0,-5,2,-20,-2.1,12,-8,-1,-0.4,-0.4,-3,0.61550
39,3,131,545,-4,0,-4,0,-8,-15,-1.3,20,4,0.5,0.4,-0.6,4,28.00000
28,13,69,247,6,0,0,-3,-1,2,0.2,9,10,1.1,1.3,-0.3,13,2.00000
26,15,18,48,-6,0,0,0,0,-7,-0.7,2,-5,-0.5,-0.5,0,-5,0.56350
32,2,63,201,-1,0,-1,7,3,8,0.7,7,15,1.4,0.7,1,8,4.25000
26,13,23,50,1,0,0,-1,0,0,-0.1,2,1,0.1,0.2,-0.1,2,0.55750
25,5,156,690,53,-1,0,12,5,69,6.8,24,93,9.1,7.7,1.9,81,0.64050
29,7,68,190,7,0,-1,0,-1,5,0.4,6,10,0.7,0.7,-0.2,10,0.56350
35,7,150,633,-4,-1,0,2,-6,-9,-0.6,23,14,1.5,1.1,-0.2,12,20.00000
23,2,4,15,-4,0,0,0,0,-4,-0.4,0,-3,-0.3,-0.3,0,-3,0.56350
23,14,106,377,4,2,1,14,0,22,2,12,34,3.2,1.9,1.3,20,0.56000
23,6,157,655,4,2,2,-10,8,6,0.3,21,27,2.4,3.6,-0.3,37,0.57550
29,6,103,424,-13,2,-3,12,5,4,0.5,15,19,1.9,0.7,1.8,7,13.00000
24,7,138,615,0,3,0,-2,-5,-4,-0.2,21,17,1.8,1.9,-0.5,19,0.71750
27,2,74,160,-8,0,1,1,2,-4,-0.4,5,2,0.1,0,0.3,1,0.56500
24,2,18,58,-1,1,0,0,1,0,0,2,2,0.2,0.2,0.1,2,0.56350
32,7,59,262,6,1,1,4,-2,10,0.9,8,18,1.6,1.3,0.2,14,10.00000
25,7,30,37,2,-1,0,0,0,1,0.1,1,2,0.2,0.2,0,2,0.55910
24,15,15,24,-2,0,0,0,0,-2,-0.2,0,-2,-0.2,-0.3,0.1,-2,0.56350
24,14,16,30,-3,1,0,-1,-1,-3,-0.3,1,-2,-0.2,-0.1,-0.1,-1,0.56350
29,2,25,56,0,0,0,-1,0,0,0,0,0,-0.5,-0.5,0.1,1,0.56350
29,5,146,646,43,1,-1,2,3,49,4.5,20,68,6.4,6.4,0.4,66,18.80000
29,3,146,613,30,-2,-1,2,-8,22,1.9,20,41,3.8,3.8,-0.7,39,12.28572
24,14,93,405,1,-1,3,0,-3,-1,0.1,14,13,1.4,1.3,-0.2,13,0.56350
26,15,18,46,-4,-1,0,0,0,-4,-0.5,2,-3,-0.3,-0.3,0,-3,0.56350
25,9,56,225,4,2,0,3,-2,7,0.6,7,15,1.4,1.1,0.1,12,0.56350
33,4,131,514,8,-1,0,-5,1,3,0.2,5,7,0.7,1.8,-0.7,12,0.56350
25,2,34,71,-6,0,0,0,1,-5,-0.6,2,-3,-0.4,-0.3,0.1,-3,0.56350
29,2,75,242,-10,0,-2,2,4,-5,-0.6,8,3,0.2,0.1,0.5,1,0.57500
25,7,64,189,-7,0,0,-7,-2,-17,-1.8,6,-11,-1.2,-0.4,-1,-4,0.56350
23,8,21,75,5,0,0,-1,0,4,0.4,3,7,0.7,0.8,0,8,0.56350
26,2,102,347,-24,-1,0,3,6,-16,-1.8,11,-5,-0.7,-0.9,0.8,-8,2.06000
24,10,138,591,29,-2,3,-4,-8,19,2,21,40,4,4.3,-1,44,0.55740
29,3,79,267,4,2,-1,1,-3,4,0.5,10,14,1.4,1.2,-0.1,12,0.56350
22,7,80,297,-8,-2,1,4,-3,-7,-0.9,10,3,0.1,-0.2,0.1,-1,0.56350
30,2,72,240,-2,-1,-1,-2,4,-2,-0.1,9,7,0.7,0.8,0.3,9,1.80000
26,9,68,192,1,1,1,0,-2,1,0,6,7,0.6,0.7,-0.3,7,0.56350
28,2,28,74,-4,1,0,2,1,0,0,3,2,0.3,0,0.4,0,0.55800
28,9,125,530,7,-2,-1,2,-6,1,0.3,19,20,2.1,1.8,-0.2,18,3.50000
29,2,11,30,-1,0,0,0,0,-1,-0.1,0,-1,0,0.2,-0.1,0,0.56350
27,14,134,356,-6,0,1,4,-3,-4,-0.6,12,7,0.6,0.3,-0.1,3,0.56770
38,4,47,176,-5,0,0,-2,0,-8,-0.9,6,-2,-0.3,-0.1,-0.2,0,12.50000
28,8,119,353,-1,0,0,-3,0,-3,-0.4,2,-2,0.4,-0.4,1.1,1,0.56350
24,14,84,276,-4,-1,1,-1,-4,-9,-0.7,10,1,0.2,0.2,-0.4,2,0.55940
27,14,43,99,-1,0,0,-1,0,-1,-0.1,1,0,-0.9,-0.6,-0.3,1,0.91000
21,6,46,212,11,-1,0,4,2,16,1.6,7,23,2.3,1.8,0.6,19,0.56350
23,10,15,49,-3,0,0,-1,-1,-5,-0.5,2,-3,-0.3,-0.2,-0.2,-2,0.56350
36,2,15,47,-9,0,0,0,1,-8,-0.8,2,-7,-0.7,-0.7,0.1,-7,0.56350
29,4,79,170,7,0,0,-1,0,6,0.5,4,10,1.5,1.2,0.2,11,0.56350
25,8,27,60,-10,0,0,4,0,-6,-0.6,2,-4,-0.4,-0.8,0.4,-8,0.56350
26,14,9,14,-3,0,0,0,0,-3,-0.3,1,-2,-0.2,-0.2,0,-2,0.56120
31,3,156,616,-1,-3,1,2,-8,-9,-1.2,20,11,0.8,0.8,-0.8,9,17.20000
32,6,147,560,-17,-1,1,-4,7,-14,-1.6,18,5,0.2,0.7,0.2,9,15.20000
27,3,117,420,-8,1,0,-7,-6,-20,-1.8,15,-5,-0.4,0.2,-1.1,2,0.56350
26,15,120,447,-18,0,1,-12,0,-29,-2.7,16,-13,-1.2,-0.1,-1,-1,1.30000
24,4,82,327,10,3,2,-1,1,15,1.5,12,26,2.6,2.7,0.1,27,1.00000
26,14,69,254,5,-1,0,-3,-1,0,-0.1,8,9,0.7,1.1,-0.5,12,0.59829
22,12,25,81,-8,0,0,-1,1,-8,-0.8,3,-5,-0.6,-0.5,0,-4,0.56350
35,8,141,550,11,1,3,5,0,21,2.2,20,41,4.1,3.5,0.7,36,7.50000
25,8,30,79,-6,0,0,6,0,0,0,3,3,0.3,-0.3,0.6,-3,0.56350
27,4,17,52,-1,0,0,-1,0,-1,-0.1,1,0,0.1,0.1,0,1,0.56350
26,5,126,520,12,0,-1,13,-1,23,2.1,17,40,3.7,2.6,1.1,27,0.58500
32,4,135,482,-3,0,-1,-5,3,-7,-0.9,16,9,0.7,1.3,-0.3,14,9.00000
28,7,136,458,5,0,2,0,-3,5,0.7,16,22,2.2,2.1,-0.1,22,0.58350
35,2,85,316,-7,-2,-1,-2,5,-7,-0.8,10,4,0.2,0.5,0.2,6,2.00000
27,15,28,48,-1,0,0,-1,0,-2,-0.2,2,0,0,0.1,-0.2,1,0.56350
31,4,87,295,0,-1,1,2,1,3,0.3,11,13,1.4,1.1,0.4,11,3.57500
31,2,43,129,2,-2,-1,-2,2,0,0,4,4,0.4,0.6,0,6,0.56350
24,7,134,546,25,-1,0,5,-4,26,2.3,18,43,4.1,3.7,0,38,0.56350
26,9,157,682,19,1,0,10,-6,25,2.2,21,46,4.3,3.5,0.3,36,11.53846
26,9,56,197,-15,0,1,-2,0,-16,-1.5,7,-9,-0.8,-0.7,-0.2,-7,0.56350
32,2,114,445,-9,-2,-3,5,6,-3,-0.5,14,12,0.9,0.6,1,7,22.17778
25,8,87,295,5,3,1,10,2,21,2.1,11,31,3.1,2.1,1.3,21,1.75000
29,3,125,499,2,-1,0,5,-7,-2,0,18,16,1.7,1.1,0,11,4.80000
33,2,20,41,-2,-1,0,1,1,-1,-0.1,1,0,0,-0.1,0.2,-1,0.56350
26,2,45,142,-4,-1,0,-1,2,-4,-0.3,5,1,0.2,0.2,0.2,2,0.55713
32,14,82,269,10,-1,0,1,-3,6,0.7,10,16,1.6,1.5,-0.2,15,0.56350
24,6,75,321,14,0,-1,7,4,24,2.4,11,35,3.5,2.7,1.2,28,5.00000
33,14,34,99,-4,0,0,-2,0,-7,-0.7,3,-3,-0.4,-0.2,-0.3,-1,0.56350
33,7,45,166,-3,-1,0,-2,-1,-7,-0.7,2,-5,-0.5,-0.8,0.1,-3,0.56350
33,3,158,686,30,2,-1,0,-10,22,2.3,24,46,4.6,4.5,-0.7,46,20.33333
24,2,111,365,3,0,-1,-1,6,7,0.5,12,19,1.7,1.9,0.4,20,0.56000
21,6,11,43,-5,0,0,-7,1,-12,-1.1,1,-10,-1,-0.3,-0.6,-3,0.56350
24,4,100,430,9,5,1,-3,1,14,1.4,15,29,2.9,3.1,-0.1,32,0.56350
24,8,22,74,-10,0,0,-1,0,-10,-1,3,-7,-0.7,-0.6,0,-6,0.55750
29,4,161,667,-8,2,3,-3,4,-3,-0.6,22,19,1.6,2.1,0,22,7.75000
28,7,44,147,-6,0,0,7,0,2,0.1,3,5,1.1,0.5,0.6,-2,0.56350
27,14,124,370,-5,-1,0,8,-3,0,0.2,13,14,1.4,0.6,0.7,6,0.56500
27,2,19,54,-1,0,0,0,1,0,0,2,2,0.2,0.2,0.1,2,0.55500
24,2,59,198,-2,-1,-1,-7,3,-8,-0.7,7,-1,0,0.7,-0.3,6,0.56350
32,9,140,634,22,-2,-1,-9,-5,5,0.2,19,24,2.1,3.2,-1.6,33,21.50000
30,15,108,144,-2,0,0,0,-2,-4,-0.5,5,1,0,0,-0.3,1,1.39500
26,9,54,157,-8,1,0,-5,-2,-14,-1.3,6,-8,-0.8,-0.3,-0.6,-3,0.56350
26,11,87,330,-11,0,-2,-4,-2,-19,-1.8,12,-7,-0.6,-0.3,-0.5,-3,0.85000
33,3,105,352,-19,1,-1,-2,-5,-25,-2.3,13,-12,-1.2,-1,-0.6,-10,23.00000
31,2,30,94,-5,0,-1,-2,1,-7,-0.6,3,-3,-0.3,-0.1,0,-1,1.00000
36,2,52,164,-7,0,-2,-4,3,-10,-1.1,5,-5,-0.5,-0.1,-0.2,0,4.15000
27,12,66,196,-4,0,0,1,1,-2,-0.2,2,-1,-1,-1.3,0.5,-2,0.56350
25,3,16,20,-4,0,0,-1,0,-5,-0.5,1,-4,-0.4,-0.3,-0.1,-3,0.56350
28,15,124,414,4,2,0,-1,1,5,0.4,13,19,1.7,1.9,-0.2,20,3.50000
24,5,16,57,-2,0,0,0,0,-1,-0.1,2,1,0.1,0.1,0.1,1,0.56350
30,4,8,8,1,0,0,0,0,1,0.1,0,2,0.2,0.2,0,1,0.56350
28,2,138,521,0,1,-3,-2,6,3,0.5,19,22,2.3,2.3,0.6,24,2.85000
28,3,152,603,8,3,-1,11,-8,13,1.1,20,33,3,2,0.2,22,0.55980
27,9,130,580,56,7,1,-2,-5,57,5.3,18,74,7,7.3,-0.8,76,9.75000
25,7,104,416,-12,-3,3,-2,-5,-19,-1.7,15,-4,-0.3,-0.2,-0.5,-2,0.55640
24,9,69,246,3,-1,1,-8,-4,-9,-0.8,9,0,0.1,0.8,-1,8,0.56330
23,9,156,661,52,1,0,27,-6,74,7.1,21,95,9.1,6.6,2,68,0.60500
22,6,56,159,-9,1,1,2,2,-2,-0.3,5,3,0.2,0.1,0.4,1,0.56350
26,5,149,503,-3,-2,-1,-21,2,-25,-2.7,16,-9,-1.1,1.1,-2,12,0.57950
26,7,8,16,-3,0,0,2,0,-1,-0.2,1,-1,-0.1,-0.3,0.2,-3,0.55500
30,4,28,68,-1,0,0,0,0,-1,-0.1,0,-1,-0.4,-0.4,0,-1,0.56350
30,7,78,279,4,-1,0,-2,-1,-1,-0.2,4,3,0.8,1.4,-0.9,5,0.56350
25,6,134,541,7,1,2,2,7,18,1.6,18,36,3.3,3.3,0.7,34,4.00000
28,4,32,102,-5,0,0,5,1,2,0.1,3,5,0.5,0,0.6,0,1.20000
27,13,10,24,0,0,0,1,0,2,0.1,1,2,0.2,0.1,0.1,1,0.56350
30,2,84,236,-3,1,0,5,4,6,0.5,8,14,1.2,0.8,0.8,9,0.95000
38,7,138,363,-10,-4,0,0,-3,-16,-1.8,12,-5,-0.6,-0.5,-0.4,-5,1.75000
32,4,82,194,-16,0,0,-1,1,-16,-1.7,6,-9,-1.1,-0.9,-0.1,-8,1.50000
34,3,132,478,-8,0,0,3,-6,-10,-1.2,16,5,0.3,0.1,-0.4,2,10.00000
27,9,30,93,-12,0,0,-4,-1,-18,-1.8,3,-15,-1.4,-1.1,-0.5,-11,0.56700
25,13,74,237,-9,-2,-1,-3,2,-12,-1.1,8,-4,-0.3,-0.1,0,-1,0.57030
26,10,144,558,9,-3,0,-6,-11,-10,-0.7,20,10,1.2,1.6,-1.5,16,0.55860
24,2,107,384,-16,-2,0,7,6,-4,-0.3,14,10,1.1,0.3,1.4,3,0.55870
25,13,16,40,1,0,0,2,0,3,0.3,1,5,0.5,0.3,0.2,3,0.56350
28,15,130,511,6,3,0,-6,-2,1,0.3,18,19,2,2.4,-0.6,25,0.56350
25,6,127,545,-9,0,1,2,7,1,-0.2,17,18,1.5,1.5,0.7,16,0.58500
26,13,127,356,4,0,-1,0,3,6,0.5,12,18,1.6,1.7,0.2,18,0.56150
25,14,100,413,4,-1,1,-11,-2,-8,-1,13,6,0.4,1.6,-1.4,17,0.56000
25,5,154,653,0,-1,1,17,4,21,2.3,23,44,4.5,2.7,2.2,27,0.56150
36,3,79,186,14,-1,-1,0,-2,10,0.9,6,16,1.5,1.5,-0.3,16,4.50000
30,2,17,20,-2,0,0,0,0,-2,-0.2,1,-2,-0.2,-0.2,0,-2,0.56350
31,7,99,423,4,-2,0,10,-4,8,0.6,13,21,1.9,1,0.6,11,7.00000
24,5,77,288,-13,0,-1,-4,1,-16,-1.5,10,-6,-0.5,-0.2,-0.2,-2,0.56350
31,4,117,421,-10,3,1,-5,3,-8,-0.6,15,7,0.8,1.2,-0.1,12,13.30000
23,2,4,9,-2,0,0,0,0,-2,-0.2,0,-2,-0.2,-0.2,0,-2,0.56350
26,8,118,408,-13,3,-1,8,2,0,0.2,15,15,1.5,0.7,1.2,7,1.40000
29,4,113,306,1,0,0,1,-1,2,0.1,10,12,1,1,-0.1,11,0.56350
25,7,57,167,-4,0,0,0,-2,-6,-0.5,4,-2,-0.1,-0.2,-0.1,-2,0.56350
28,13,5,5,-1,0,0,1,0,0,0,0,0,0,-0.1,0.1,-1,0.56350
33,9,150,574,1,0,2,-1,-3,-1,-0.3,19,18,1.5,1.7,-0.6,19,16.50000
29,6,82,344,-6,1,0,-10,4,-11,-0.9,12,2,0.3,1.2,-0.5,12,11.75000
30,4,145,655,32,0,-2,6,1,37,3.8,22,59,5.9,5.2,0.8,53,12.00000
25,9,44,142,-3,-1,0,-4,-2,-10,-0.9,5,-5,-0.4,-0.1,-0.5,-1,0.56350
24,2,16,43,-3,0,0,0,1,-3,-0.3,1,-1,-0.2,-0.1,0.1,-1,0.56350
23,13,21,30,0,0,0,0,0,1,0.1,1,2,0.2,0.2,0,2,0.56350
26,7,121,507,7,1,-1,-16,-5,-15,-1.3,18,3,0.5,1.9,-1.9,19,1.95000
24,7,89,197,8,-1,-1,-2,-3,1,0.1,6,8,0.7,0.9,-0.6,10,0.55932
31,12,81,228,7,0,0,-1,2,8,0.7,7,15,1.4,1.6,0,16,0.56350
25,12,7,19,0,-1,0,1,0,0,0.1,1,1,0.1,0,0.1,0,0.56350
35,2,16,49,-6,0,0,1,1,-5,-0.5,2,-3,-0.4,-0.5,0.2,-4,0.56350
25,14,3,4,-1,0,0,0,0,0,0,0,0,0,0,0,0,0.55500
27,14,5,7,-1,0,0,0,0,-1,-0.1,0,-1,-0.1,-0.1,0,-1,0.56410
31,2,35,101,1,0,0,1,0,2,0.2,1,3,0.9,0.7,0.4,2,0.56350
35,4,6,21,-3,0,0,-3,0,-7,-0.6,1,-6,-0.6,-0.3,-0.3,-3,15.00000
24,14,17,47,-3,0,0,-4,-1,-8,-0.7,2,-6,-0.6,-0.2,-0.4,-2,0.55510
26,7,101,392,-6,-2,-1,-11,-4,-23,-2.1,14,-9,-0.8,0.2,-1.3,2,0.56010
25,14,1,1,0,0,0,0,0,0,0,0,0,0,0,0,0,0.56350
26,15,113,282,-5,-3,0,-1,0,-10,-0.9,10,0,0.1,0.1,0,1,0.56500
27,7,137,590,3,3,3,-8,-5,-5,-0.3,21,16,1.7,2.4,-1.1,24,4.19000
23,4,8,10,0,0,0,0,0,0,0,0,0,0,0,0,0,0.56350
30,5,158,699,9,2,3,1,4,18,1.5,22,39,3.6,3.7,0.3,38,6.16667
32,4,60,174,-13,1,0,-10,0,-23,-2.2,6,-17,-1.6,-0.7,-0.9,-7,5.00000
36,3,109,486,5,-1,0,0,-4,1,0.1,7,7,3,2.8,-0.6,7,0.56350
25,11,28,56,4,0,0,0,-1,3,0.3,2,5,0.5,0.5,-0.1,5,0.56350
29,13,83,236,3,0,1,-4,0,0,0,8,8,0.8,1.2,-0.3,12,1.30000
28,2,101,332,-13,1,0,-12,5,-20,-2.1,11,-9,-1,0.3,-0.8,3,0.57850
22,7,122,504,11,2,-1,-11,-5,-5,-0.3,18,14,1.5,2.4,-1.4,25,1.83333
30,6,147,648,-15,6,2,-4,8,-4,-0.2,22,18,2,2.2,0.6,22,15.25000
28,8,65,230,-4,2,1,-1,1,-1,-0.2,7,7,0.6,0.7,0,8,5.70000
27,4,130,460,-9,2,-1,15,2,9,0.7,15,24,2.2,0.8,1.6,9,3.72500
26,2,10,17,-3,0,0,0,0,-3,-0.3,1,-2,-0.2,-0.2,0,-2,0.56350
29,3,160,667,-7,-2,0,-3,-8,-20,-2.3,22,1,-0.2,0.3,-1.3,4,21.00000
33,4,110,442,0,1,0,-1,1,0,0.1,4,5,2.6,2.8,-0.1,6,0.56350
27,6,15,48,-8,0,0,-1,1,-9,-0.9,2,-7,-0.7,-0.6,0,-6,0.55500
32,3,149,459,7,0,1,1,-6,3,0.1,15,18,1.6,1.6,-0.7,17,6.00000
24,15,9,27,-1,0,0,0,0,-1,-0.1,1,0,0,0,0,0,0.56350
27,6,53,156,-7,0,-1,6,2,0,0,5,5,0.5,-0.1,0.7,-1,0.57700
39,2,21,53,-4,0,0,0,0,-4,-0.4,1,-3,-0.5,-0.5,0.1,-3,0.56350
27,5,159,662,27,-4,-2,-4,3,21,1.8,22,42,3.9,4.5,-0.3,46,7.28571
33,5,129,508,3,0,-2,7,2,11,0.9,17,28,2.5,2,0.8,21,14.66667
20,6,84,372,27,4,1,-3,4,33,3,11,44,4.1,4.5,0.1,47,0.55500
24,14,9,20,1,0,0,0,0,1,0.1,1,2,0.2,0.2,0,2,0.56010
33,2,48,160,4,0,-1,0,0,3,0.3,1,4,0.3,0.1,0.5,4,0.56350
25,6,143,654,10,1,-1,11,7,28,2.9,22,50,5,3.8,1.9,39,10.85000
23,2,79,244,-1,0,-1,-3,3,-1,-0.2,8,7,0.6,1,0,10,0.55630
27,3,6,15,-2,0,0,-1,0,-3,-0.3,1,-3,-0.3,-0.2,-0.1,-2,0.55500
23,4,23,58,-7,0,1,0,1,-5,-0.5,2,-3,-0.3,-0.3,0.1,-3,0.55750
23,10,150,548,-3,0,0,0,-4,-7,-0.6,7,1,0.4,1.6,-1.9,0,0.56350
29,3,158,692,30,1,-2,1,-8,22,1.9,22,44,4,4.1,-0.9,43,21.00000
29,4,147,589,-2,0,-1,3,5,6,0.8,17,23,2.6,1.9,1.4,20,4.00000
28,3,107,421,8,-2,0,4,-6,5,0.3,14,18,1.6,1.4,-0.3,14,0.55500
24,15,105,327,-14,3,2,1,3,-6,-0.8,11,4,0.3,0.2,0.3,3,0.55700
26,15,19,39,-2,1,0,0,0,-1,-0.1,1,0,0.1,0.1,0.1,0,0.56350
26,2,106,446,11,-2,0,1,5,15,1.6,16,31,3.1,2.9,0.7,30,0.66980
21,4,23,82,-1,0,0,4,0,4,0.4,3,7,0.6,0.2,0.4,2,0.56350
29,14,122,556,36,1,-1,12,-2,46,4.6,19,65,6.4,5.1,1.2,53,12.00000
32,14,119,301,-3,1,-1,3,-2,-1,-0.2,7,6,0.6,0,0.4,3,0.56350
29,14,18,72,3,0,0,-1,-1,1,0.1,3,4,0.4,0.5,-0.2,5,26.00000
27,5,132,476,19,-1,0,1,2,22,2.3,17,39,3.9,3.7,0.5,38,0.56350
22,12,144,604,18,-1,-1,-13,6,9,1.1,22,31,3.1,4.2,-0.5,44,0.60520
32,4,83,240,-11,1,-1,-10,1,-20,-1.8,9,-11,-1,-0.1,-0.8,-1,0.56350
31,14,20,57,-7,0,0,0,-1,-7,-0.7,2,-5,-0.5,-0.5,0,-5,0.56350
26,2,58,224,-16,-1,0,-2,4,-15,-1.4,8,-7,-0.7,-0.5,0.2,-5,0.55860
26,7,89,256,-10,0,1,6,-3,-5,-0.4,9,4,0.5,-0.2,0.4,-2,0.56040
26,3,10,41,-2,0,0,-2,-1,-5,-0.4,1,-3,-0.3,-0.1,-0.2,-1,1.20000
29,4,134,372,-1,-1,1,-3,3,-1,-0.3,12,11,0.9,1.3,-0.2,14,0.91000
27,9,42,167,-3,-1,0,-5,-1,-11,-1.1,5,-5,-0.6,-0.1,-0.7,0,6.10000
28,14,89,231,-6,-2,0,3,-1,-6,-0.5,8,3,0.3,0,0.3,0,0.78200
35,10,16,57,-2,0,0,0,-1,-4,-0.4,2,-2,-0.2,-0.2,-0.1,-2,0.56350
26,13,139,550,5,0,-1,1,3,9,1.1,20,29,2.9,2.7,0.6,28,0.57800
25,15,97,369,-10,0,1,-10,1,-19,-1.7,13,-6,-0.4,0.4,-0.8,4,0.56350
24,9,119,446,-1,0,0,-4,-4,-9,-1.1,15,6,0.3,0.9,-0.9,10,0.56350
25,8,128,406,-8,1,0,14,2,10,0.8,13,23,2.1,0.8,1.5,9,0.57830
28,4,91,246,-12,-1,-1,4,2,-8,-0.9,8,0,-0.1,-0.5,0.5,-4,2.50000
35,13,121,370,22,0,-1,-3,-2,15,1.4,12,27,2.5,3,-0.7,30,4.00000
25,6,41,135,-9,0,0,-6,2,-13,-1.2,5,-8,-0.8,-0.2,-0.4,-2,0.56350
27,5,139,586,17,0,0,-5,0,11,1.3,21,32,3.2,3.6,-0.4,37,0.56723
36,10,83,316,11,2,1,-5,-5,4,0.5,11,16,1.6,2,-0.9,21,2.00000
27,14,140,494,-2,-1,0,23,-6,13,1.2,16,29,2.7,0.5,1.6,6,0.58210
33,8,140,482,-9,-1,-1,-21,0,-32,-3.4,16,-16,-1.8,0.4,-2.2,5,15.00000
24,15,58,156,5,1,0,1,-1,6,0.5,5,11,1,1,0,10,0.60350
37,4,87,281,-10,-3,0,-1,2,-12,-1.3,9,-3,-0.4,-0.3,0,-2,3.75000
27,14,12,17,-2,0,0,1,0,-1,-0.1,1,0,0,-0.1,0.1,-1,0.56350
45,9,2,6,-1,0,0,0,0,-1,-0.1,0,-1,-0.1,-0.1,0,-1,0.56350
27,4,92,211,-5,0,1,3,2,1,0,7,8,0.7,0.4,0.4,5,0.55700
29,14,19,54,-7,1,0,-2,0,-8,-0.9,2,-6,-0.7,-0.5,-0.2,-4,0.56350
23,4,49,201,-12,-1,0,-1,1,-13,-1.4,7,-6,-0.8,-0.6,0,-5,0.56350
24,15,65,222,-14,2,-1,0,3,-10,-0.9,8,-2,-0.1,-0.2,0.4,-2,0.56950
26,7,140,453,23,-2,-2,-20,-3,-3,-0.5,15,12,1,3.1,-2.4,32,0.56142
31,10,146,657,33,-1,-3,-7,-11,11,1.3,22,33,3.4,3.9,-1.6,40,23.75000
24,6,93,396,-5,0,1,-5,5,-4,-0.2,14,11,1.1,1.5,0.1,15,0.56350
28,2,145,593,8,2,0,10,9,28,2.6,19,47,4.5,3.6,1.7,37,5.90000
29,15,29,108,-7,1,0,3,0,-3,-0.3,4,1,0.1,-0.2,0.3,-2,0.56350
28,6,26,65,-8,0,0,5,1,-1,-0.1,2,1,0.1,-0.4,0.6,-4,0.56350
29,8,147,567,-6,-1,3,-2,3,-2,0,20,18,1.9,2,0.3,20,8.55000
24,15,9,7,1,0,0,-1,0,0,0,0,0,0,0.1,-0.1,1,0.56350
29,2,71,210,-4,-1,0,11,3,10,0.9,7,16,1.5,0.5,1.4,5,0.56400
27,8,88,333,-3,1,-1,-13,2,-14,-1.2,12,-2,-0.1,1.1,-1,11,0.56710
23,7,117,423,-14,-2,2,-3,-7,-23,-2.1,15,-8,-0.7,-0.5,-0.8,-5,0.56040
26,14,72,228,4,0,0,-2,-2,0,0.1,8,8,0.8,1,-0.3,10,0.57250
32,15,20,49,-4,-1,0,-1,0,-6,-0.6,2,-4,-0.5,-0.4,-0.1,-3,0.56350
24,14,12,41,-6,0,0,-5,0,-11,-1,1,-9,-0.9,-0.4,-0.4,-4,0.56350
28,11,78,226,-6,1,0,1,-1,-5,-0.6,7,3,0.2,0.1,0,2,4.82500
28,8,120,318,-9,2,1,6,1,2,0.3,11,13,1.4,0.7,0.9,7,2.21200
25,11,8,13,-1,0,0,-1,0,-2,-0.3,0,-2,-0.2,-0.1,-0.1,-1,0.55500
24,2,35,128,-13,-1,0,2,2,-10,-1,5,-6,-0.5,-0.8,0.5,-8,0.56350
29,2,118,476,8,1,-1,6,6,19,2,17,36,3.7,3,1.3,30,2.50000
25,3,31,87,-5,0,0,1,-1,-5,-0.5,3,-2,-0.3,-0.4,0,-3,0.56350
30,7,5,15,-2,0,0,1,0,-2,-0.2,1,-1,-0.1,-0.2,0.1,-2,0.56350
34,14,130,452,-21,7,1,14,1,1,-0.1,15,16,1.4,0.1,1.4,2,3.75000
32,2,79,275,0,-1,1,-8,5,-4,-0.3,10,6,0.7,1.4,-0.2,14,8.00000
29,9,147,589,0,2,1,2,-2,3,0,19,22,1.9,1.9,-0.2,20,20.00000
32,4,121,511,-11,1,0,-5,3,-13,-1.1,18,6,0.7,1.1,-0.1,11,14.66667
23,14,20,40,-2,1,0,-3,0,-4,-0.4,1,-3,-0.3,0,-0.4,0,0.56350
26,6,138,561,7,2,0,27,7,44,4.2,18,62,6,3.4,3.3,35,5.20000
32,7,98,333,-4,-1,0,5,-1,-1,-0.2,5,4,0.6,0.4,-0.3,-2,0.56350
24,9,17,47,-3,-1,1,-1,-1,-5,-0.5,2,-4,-0.4,-0.3,-0.2,-3,0.56350
32,14,27,57,-1,-1,0,2,-1,-1,-0.1,2,1,0.1,-0.1,0.1,-1,0.70000
29,6,144,618,-9,3,1,-4,7,-1,-0.4,20,18,1.5,2.1,0.2,22,14.85000
35,13,9,8,-2,0,0,0,0,-2,-0.2,0,-2,-0.2,-0.2,0,-1,10.00000
30,13,62,101,-3,0,0,1,0,-2,-0.2,2,0,-0.4,-0.6,0.2,-1,13.00000
36,2,86,244,-32,0,0,3,5,-24,-2.3,9,-15,-1.5,-1.9,0.9,-18,3.25000
27,15,133,567,34,-4,2,4,-3,34,3.1,18,52,4.9,4.7,0,48,0.56771
25,11,94,386,-14,0,2,3,0,-9,-0.8,14,5,0.5,0.2,0.4,2,0.56350
25,7,113,384,7,-3,-1,-4,-3,-4,-0.5,12,9,0.7,1.2,-0.8,13,0.58000
29,3,131,369,1,-1,0,0,-2,-2,-0.1,4,2,-0.3,-0.3,-0.5,2,0.56350
31,2,20,67,-4,-1,0,0,1,-4,-0.3,2,-1,-0.1,-0.1,0.1,-1,0.85000
34,9,2,5,-1,0,0,1,0,-1,-0.1,0,0,0,-0.1,0.1,-1,0.56350
28,3,127,487,11,-2,1,-1,-7,2,0.4,17,20,2,2,-0.6,21,0.85000
27,7,149,514,16,0,0,7,-6,17,1.5,17,34,3.2,2.6,-0.1,27,5.00000
28,2,1,1,0,0,0,0,0,0,0,0,0,0,0,0,0,0.56350
28,4,142,491,1,-1,1,-3,1,-1,-0.1,3,3,-0.6,0.3,-0.6,6,0.56350
25,14,70,297,14,2,0,5,-1,21,2.1,11,31,3.1,2.5,0.5,26,0.60550
28,7,68,189,-2,0,0,3,-1,0,0,5,5,0.5,0.2,0.2,2,0.57000
35,3,142,608,4,-2,-2,10,-8,3,0,19,22,1.9,1.1,0.1,12,25.00000
29,13,75,263,-10,0,2,4,2,-2,-0.1,9,8,0.8,0.4,0.7,4,0.57040
25,13,98,248,-12,-1,1,-2,1,-13,-1.4,8,-5,-0.6,-0.4,-0.2,-3,0.57500
29,15,95,333,-18,-1,-1,-1,2,-18,-1.7,12,-6,-0.6,-0.5,0.2,-5,0.56710
28,2,26,70,0,0,0,0,0,0,0,0,0,0.2,0,0.3,0,0.56350
29,14,8,4,0,-1,0,-1,0,-1,-0.1,0,-1,-0.1,0,-0.1,0,0.56350
29,15,73,287,2,1,1,1,2,8,0.7,9,17,1.6,1.5,0.3,16,0.56350
34,9,47,182,-5,-1,1,-8,-2,-15,-1.4,7,-9,-0.8,-0.1,-0.9,-1,4.00000
27,8,37,95,-7,1,0,-1,0,-7,-0.7,3,-4,-0.4,-0.3,0,-3,0.56350
33,2,101,328,-5,0,0,-1,1,-5,-0.6,2,-3,-1,0,-0.5,-2,0.56350
27,4,121,464,-2,-1,-1,0,3,-1,0.1,17,16,1.6,1.5,0.4,16,7.50000
28,4,162,714,7,7,3,-11,8,14,1.6,25,38,3.9,4.8,-0.1,49,4.82500
25,14,85,261,12,0,-1,3,-3,11,1.1,9,20,2,1.7,0.1,17,0.56450
32,6,74,271,-1,1,0,-7,3,-4,-0.3,10,6,0.6,1.2,-0.3,13,5.25000
26,2,130,465,-1,-4,0,-3,7,0,-0.2,15,15,1.3,1.7,0.3,18,0.57000
26,14,5,21,1,0,0,0,0,0,0,1,1,0.1,0.1,0,1,0.56350
25,6,153,704,22,4,-1,-7,7,25,2.6,23,48,4.8,5.4,0.2,55,3.58333
27,10,162,679,34,-1,-2,-9,-12,11,1.3,24,35,3.6,4.3,-1.8,44,4.66667
32,3,159,693,16,-2,-2,-8,-10,-5,-0.3,24,19,2,2.7,-1.6,27,16.00000
29,4,124,548,20,-2,-2,-1,3,18,2,19,37,3.8,3.7,0.4,38,9.50000
29,6,146,530,-12,-3,0,7,7,-1,-0.3,17,16,1.4,0.8,1.3,9,2.50000
30,9,128,373,1,1,-1,-10,-4,-14,-1.5,12,-2,-0.4,0.8,-1.5,8,1.12500
26,15,95,285,-1,0,0,-5,-2,-9,-1,9,0,-0.1,0.5,-0.8,5,0.56350
25,4,141,403,-21,-2,-1,2,3,-20,-2.2,13,-7,-0.9,-1,0.4,-9,2.77500
29,7,14,24,0,0,0,1,0,1,0.1,1,1,-0.1,-0.2,0.1,0,0.56350
26,5,129,542,4,4,0,4,2,14,1.6,19,34,3.4,2.9,0.8,30,4.15000
25,5,56,157,0,0,0,0,0,0,0,0,0,-0.7,-0.3,-0.3,0,0.56350
26,2,40,126,-5,-1,-1,0,2,-5,-0.4,5,0,0,0,0.3,0,0.56350
26,3,143,613,29,-3,0,-8,-8,10,0.8,19,30,2.7,3.6,-1.8,38,0.58700
33,5,155,659,26,-1,-1,15,3,42,3.9,21,63,6,4.7,1.7,48,23.00000
26,3,24,56,-4,1,0,1,-1,-3,-0.3,2,-1,-0.1,-0.2,0,-2,0.56350
31,4,36,147,-16,-1,1,0,1,-15,-1.4,5,-10,-0.9,-1,0.1,-10,2.00000
22,14,94,279,-3,0,2,-4,-3,-8,-0.9,9,1,0,0.5,-0.8,5,0.56350
31,2,106,342,-5,-1,-2,-9,6,-11,-0.9,12,2,0.3,1.1,-0.2,11,1.07500
32,9,141,550,-9,-1,-1,10,-6,-7,-0.5,20,13,1.4,0.3,0.5,3,13.00000
25,7,41,157,-7,0,0,3,-2,-5,-0.6,5,0,-0.1,-0.3,0.1,-3,0.56350
24,7,95,260,-4,0,0,2,-3,-4,-0.5,8,4,0.3,0.2,-0.2,2,0.56350
27,8,51,139,-9,0,0,-2,1,-10,-1.1,5,-5,-0.6,-0.4,-0.1,-3,0.56000
29,2,7,18,-2,0,0,0,0,-2,-0.1,1,-1,-0.1,-0.1,0,-1,0.56350
30,2,6,18,-2,0,0,0,0,-2,-0.2,1,-2,-0.2,-0.2,0,-2,0.56350
30,8,133,285,-15,1,0,-3,2,-15,-1.7,9,-6,-0.8,-0.4,-0.3,-3,9.00000
20,7,150,659,33,2,0,0,-6,29,2.6,20,49,4.6,4.8,-0.7,49,0.57830
32,5,65,185,-8,-1,0,-5,2,-12,-1.3,6,-6,-0.7,-0.1,-0.4,-1,3.00000
26,4,139,518,-9,2,1,-13,2,-17,-1.4,19,2,0.3,1.5,-0.9,15,3.60000
31,3,52,170,-7,-1,-1,1,-2,-11,-1,6,-5,-0.4,-0.6,-0.1,-6,2.50000
32,3,121,500,2,-2,-2,-7,-8,-17,-1.4,18,1,0.3,0.8,-1.3,8,8.00000
34,5,135,549,25,2,0,-3,2,26,2.3,18,44,4.1,4.5,-0.2,47,19.00000
31,7,63,256,-3,0,0,-13,-3,-19,-1.7,9,-10,-0.9,0.3,-1.4,3,18.00000
27,13,9,26,-3,0,0,1,0,-2,-0.2,1,-1,-0.1,-0.2,0.1,-2,0.56350
24,4,7,18,-1,0,0,0,0,-1,-0.1,1,0,-0.1,-0.1,0,0,0.56350
24,5,20,79,-3,0,0,3,0,1,0.1,3,4,0.4,0.1,0.3,1,0.56350
36,3,53,201,-4,-1,0,0,-1,-7,-0.6,3,-4,-1,-0.8,-0.5,-4,0.56350
29,8,100,228,-7,0,0,1,-1,-6,-0.7,2,-4,-0.7,-1.1,0.4,-5,0.57177
22,4,84,348,16,-1,-1,-5,2,11,0.9,11,22,2,2.7,-0.4,27,0.56350
25,8,144,628,40,2,1,7,5,56,5.2,20,76,7.2,6.6,1.1,69,2.40000
31,2,67,211,-3,0,-1,-2,3,-2,-0.2,8,5,0.6,0.7,0.2,7,0.57250
26,3,39,78,0,0,0,0,-1,-2,-0.2,3,1,0.1,0.1,-0.1,1,0.56350
29,8,129,480,-16,2,3,13,3,6,0.7,17,23,2.4,1,1.7,10,8.16667
25,15,22,50,-4,0,0,-1,-1,-6,-0.6,2,-5,-0.5,-0.4,-0.2,-3,0.56350
25,6,130,531,13,0,2,-5,6,17,1.4,17,34,3.1,3.8,0,39,0.55750
30,8,161,645,-4,0,0,0,0,-4,-0.4,1,-4,0.9,1.5,-0.4,-3,0.56350
28,2,59,174,-8,0,0,-3,3,-8,-0.7,6,-1,-0.1,0.1,0.1,2,1.13700
31,10,133,533,-11,-1,-1,1,-12,-23,-2.1,19,-4,-0.3,-0.5,-0.9,-5,16.50000
31,9,152,632,7,0,-1,0,-6,0,0.2,23,22,2.4,2.2,-0.4,22,10.50000
28,4,148,549,7,4,2,19,4,37,3.4,18,54,5.2,3.4,2.2,35,6.50000
27,5,147,634,27,2,-1,-8,0,21,1.8,20,41,3.7,4.7,-1,49,12.90000
33,14,40,82,-1,-1,0,2,0,0,0,2,2,0.3,-0.1,0.4,0,0.56350
35,2,85,309,1,0,-1,-10,5,-5,-0.6,10,5,0.3,1.4,-0.6,15,4.00000
28,15,97,197,-7,1,1,3,1,-1,-0.2,6,6,0.4,0.2,0.3,3,0.55750
27,14,30,53,1,0,0,0,-1,0,0,2,2,0.2,0.2,-0.1,2,0.56350
29,2,18,57,-3,0,0,0,1,-2,-0.2,2,0,0,0,0.1,0,0.56290
23,9,18,75,2,0,0,-2,-1,0,0.1,3,3,0.3,0.5,-0.2,5,0.56350
26,7,155,610,14,-2,1,-3,-5,4,0.1,20,24,2.1,2.6,-1,27,3.39000
31,5,106,443,6,1,-1,3,2,12,1.3,16,27,2.8,2.4,0.6,24,19.50000
22,15,22,72,1,1,0,4,-1,5,0.5,3,8,0.8,0.4,0.3,4,0.56350
25,15,26,69,-1,-1,1,-1,0,-2,-0.2,2,0,0.1,0.1,-0.1,1,0.56350
23,14,34,44,4,0,0,1,0,5,0.5,1,6,0.6,0.5,0.1,5,0.56350
31,8,65,264,-14,-1,1,0,2,-12,-1.1,9,-3,-0.2,-0.3,0.2,-3,3.00000
28,15,140,618,-8,4,1,-8,0,-10,-0.8,21,11,1.3,1.9,-0.6,19,1.55000
25,8,75,248,-24,-1,-1,-1,1,-26,-2.8,8,-18,-2,-1.8,-0.1,-17,0.57000
32,11,101,367,-11,1,-1,-4,-1,-16,-1.4,13,-3,-0.2,0.1,-0.3,1,0.56350
31,3,29,38,-1,-1,0,0,0,-2,-0.2,1,-1,-0.1,-0.1,-0.1,-1,0.56350
33,8,148,623,-13,2,-2,22,3,12,1,20,33,3,0.9,2.4,11,15.00000
25,7,84,343,11,-1,0,-3,-3,4,0.5,12,16,1.7,1.9,-0.5,19,1.92857
33,3,39,119,-8,-1,0,-3,-2,-15,-1.4,4,-10,-1,-0.7,-0.5,-7,1.25000
22,15,92,366,10,-1,3,-8,1,5,0.6,13,18,1.8,2.5,-0.6,26,0.56350
24,13,45,70,-1,0,0,3,1,2,0.2,2,4,0.4,0.1,0.3,1,0.55596
22,4,108,406,-5,-1,1,-1,3,-3,-0.2,15,11,1.2,1.2,0.4,12,0.56350
23,2,7,16,-1,0,0,0,0,0,0,1,0,0,0,0,0,0.56350
22,12,71,249,-4,0,-1,1,3,-1,-0.2,8,7,0.6,0.6,0.3,6,0.55640
28,2,44,129,-14,1,0,1,3,-10,-0.9,5,-5,-0.5,-0.7,0.4,-6,0.57900
28,3,118,510,17,-1,-1,-12,-8,-6,-0.4,18,12,1.4,2.4,-1.8,24,0.57320
28,7,40,144,-7,0,0,1,-1,-6,-0.7,2,-4,-0.5,-0.9,0.2,-5,0.56750
23,14,15,42,1,0,0,1,0,1,0.1,1,3,0.2,0.2,0.1,2,0.56350
26,5,123,428,-15,-1,-2,-2,2,-17,-1.9,14,-4,-0.6,-0.3,-0.1,-1,5.20000
26,8,134,566,-15,4,0,-13,1,-23,-2.1,20,-3,-0.1,1,-1,10,0.57840
26,5,156,661,8,1,-4,-2,5,8,0.5,21,29,2.6,3,0.1,31,12.00000
32,2,76,179,-4,0,1,4,3,3,0.2,6,9,0.8,0.4,0.6,5,1.60000
24,8,151,441,-8,4,1,6,3,6,0.4,14,20,1.8,1.3,0.7,14,0.57710
28,7,130,549,5,4,-1,1,-5,4,0.2,18,22,1.9,2,-0.5,21,12.25000
26,4,61,155,-7,-1,1,-1,1,-7,-0.6,6,-1,-0.1,0,0.1,0,0.56400
28,6,162,747,43,2,0,12,9,66,6.5,25,90,8.9,7.5,2.2,78,5.90000
30,14,126,497,32,0,0,-4,-2,26,2.6,18,44,4.3,4.6,-0.5,48,2.05000
35,3,78,162,-12,-1,-1,0,-2,-15,-1.6,5,-10,-1.1,-1,-0.2,-10,1.00000
33,10,12,31,-3,0,0,0,-1,-4,-0.4,1,-3,-0.3,-0.3,0,-3,13.50000
26,14,30,40,-1,0,0,-2,0,-3,-0.3,1,-2,-0.2,0,-0.3,0,0.55650
32,2,105,374,-3,0,0,-1,0,-4,-0.4,0,-4,1.2,0.5,1.4,-2,0.56350
35,11,104,260,-17,-1,-2,1,-2,-20,-2.2,8,-12,-1.3,-1.4,-0.2,-13,15.00000
30,15,114,463,-6,-2,0,11,-3,1,0.2,17,17,1.8,0.7,0.9,6,12.00000
27,14,11,34,-2,0,0,-1,0,-2,-0.2,1,-1,-0.1,0,-0.1,0,0.56350
30,3,111,333,-9,0,0,4,-4,-8,-1,11,3,0.1,-0.2,-0.1,-1,3.00000
26,15,99,268,0,0,1,-1,-3,-4,-0.5,9,5,0.4,0.5,-0.6,6,0.56350
33,5,129,492,-6,-2,0,5,2,-1,-0.4,16,15,1.2,0.9,0.6,10,14.75000
26,5,156,670,24,0,-1,34,3,60,6,24,83,8.3,4.8,3.9,49,0.58000
28,5,46,169,-3,-2,0,-2,1,-5,-0.5,6,1,0.1,0.3,-0.1,3,2.67500
34,7,20,62,-7,0,0,-3,-1,-10,-1.1,2,-8,-0.9,-0.6,-0.4,-5,0.56350
25,3,127,547,25,-1,-1,18,-7,35,3.6,19,54,5.4,3.5,1.3,36,0.57500
29,10,27,80,-7,0,0,-1,-2,-9,-0.8,3,-6,-0.6,-0.5,-0.2,-5,0.56350
24,5,53,164,-4,-1,0,3,0,-1,-0.1,6,5,0.5,0.1,0.4,1,0.56350
33,2,67,183,-5,-1,0,3,3,0,-0.1,6,6,0.5,0.2,0.5,3,0.56350
34,9,129,238,8,0,-1,-5,-2,0,-0.1,8,8,0.7,1.3,-0.8,13,1.25000
24,4,30,111,-1,0,0,0,0,-1,-0.1,0,-1,0.4,0.5,0.1,-1,0.56350
26,9,134,596,17,-4,1,8,-2,20,2.1,20,40,4.1,3.2,0.8,32,6.00000
26,13,20,35,-5,1,0,-2,1,-5,-0.5,1,-4,-0.4,-0.2,-0.1,-2,0.57050
28,3,141,589,29,0,1,12,-1,41,3.8,19,60,5.7,4.7,1,48,0.57500
28,2,51,147,-10,-1,0,-2,1,-12,-1.1,4,-8,-1.6,-1.3,0,-6,0.59010
22,2,42,148,-10,-2,0,2,3,-7,-0.6,5,-2,-0.1,-0.4,0.5,-4,0.56350
34,9,133,397,-4,0,-1,-15,-4,-24,-2.6,13,-11,-1.3,0.3,-2,4,1.15000
28,8,53,97,-5,1,0,0,0,-3,-0.3,3,0,0,0,0,0,3.25000
32,7,148,637,21,0,1,10,-7,25,2.6,23,47,4.8,3.7,0.5,37,16.00000
23,13,95,382,-3,-1,-1,-3,-2,-9,-0.8,14,5,0.6,0.8,-0.3,7,0.56350
26,9,151,648,23,2,0,-4,-4,17,1.4,21,37,3.4,4,-1,41,4.02500
24,14,18,46,-3,1,0,1,-1,-1,-0.1,2,0,0,-0.1,0.1,-1,0.55650
27,14,100,53,-3,0,0,1,6,4,0.4,1,4,0.4,0.3,0,3,1.95000
26,2,22,55,-1,0,0,1,1,1,0.1,2,3,0.3,0.2,0.2,2,0.55670
26,14,4,8,-2,0,0,-1,0,-3,-0.4,0,-3,-0.3,-0.2,-0.1,-2,0.55750
24,10,12,49,-9,0,0,-4,-1,-14,-1.3,2,-12,-1.2,-0.8,-0.4,-8,0.61760
36,10,136,549,-4,-3,-3,-1,-11,-22,-2,20,-2,-0.1,-0.1,-1,-1,30.00000
30,6,132,526,-7,-2,-1,2,6,-1,-0.3,17,16,1.4,1.3,0.7,14,3.15500
26,5,105,439,24,-3,-1,-7,1,14,1.5,16,30,3,3.6,-0.5,37,2.65000
25,13,50,142,1,0,0,-1,0,1,0.1,5,6,0.6,0.6,0,7,0.56350
26,3,50,163,7,0,0,0,-3,5,0.5,6,11,1.1,1,-0.2,11,0.56350
31,4,75,213,0,0,1,2,1,5,0.5,8,12,1.2,1,0.4,10,0.56350
26,14,12,26,-5,0,0,0,0,-6,-0.6,1,-5,-0.5,-0.5,-0.1,-5,0.56350
30,5,143,584,12,-1,-1,-2,3,12,1,19,31,2.8,3.2,0,33,7.00000
28,7,87,296,11,3,-2,18,-3,28,2.8,11,39,3.8,2,1.6,21,0.55700
27,8,134,600,61,3,1,-2,2,65,6.3,20,85,8.2,8.3,0.2,87,36.83333
28,7,107,411,13,-1,1,8,-5,16,1.4,13,29,2.8,2.1,0.2,21,0.56350
28,2,90,289,-22,0,-1,4,5,-13,-1.2,10,-3,-0.2,-0.7,1,-7,4.41200
29,8,9,25,-6,0,0,1,0,-5,-0.5,1,-4,-0.4,-0.5,0.1,-5,0.57450
28,2,93,359,26,-1,0,0,5,29,2.9,13,42,4.1,4,0.6,42,0.57500
28,9,63,283,4,0,0,1,-1,3,0.4,10,13,1.3,1.2,0.1,12,0.59010
33,3,91,335,5,0,-1,-1,-5,-1,0,12,11,1.2,1.2,-0.5,12,6.50000
26,5,2,2,-1,0,0,0,0,-1,-0.1,0,-1,-0.1,-0.1,0,-1,0.56350
26,9,150,706,31,6,-1,16,-5,47,4.8,23,70,6.9,5.2,1.2,54,20.00000
24,6,56,128,-1,2,0,3,1,5,0.5,5,10,1,0.6,0.5,6,0.56350
23,3,50,170,1,1,0,-2,-3,-2,-0.2,6,4,0.4,0.6,-0.4,6,0.56350
33,11,115,381,0,0,0,-1,-4,-5,-0.7,12,8,0.6,0.8,-0.6,8,2.00000
38,10,120,521,41,-3,-2,0,-10,25,2.6,18,44,4.4,4.2,-0.9,44,14.00000
27,9,151,664,15,1,-1,-4,-2,10,0.8,7,17,2.7,3.6,-1.5,20,0.56350
29,6,158,625,-3,4,-1,17,8,26,2.3,20,46,4.3,2.8,2.4,29,3.66300
24,2,3,6,-1,0,0,0,0,-1,-0.1,0,-1,-0.1,-0.1,0,-1,0.56350
25,2,20,64,-3,0,0,0,1,-2,-0.1,2,1,0.1,0.1,0.1,1,0.56350
35,2,31,73,-5,-1,-1,-1,1,-6,-0.6,3,-4,-0.4,-0.3,0.1,-3,1.25000
35,9,116,469,3,-1,1,-2,-4,-3,-0.5,15,12,1,1.3,-0.8,14,4.00000
29,7,32,109,-1,0,0,-2,-1,-4,-0.4,3,-1,-0.2,0,-0.3,2,0.56350
24,8,104,414,-5,-1,-1,-1,2,-6,-0.7,13,8,0.6,0.8,0,9,0.56350
24,10,33,135,6,0,0,-2,-1,2,0.3,5,7,0.7,0.9,-0.3,9,0.56350
25,7,67,112,-13,0,0,-1,-1,-15,-1.5,4,-11,-1.2,-1,-0.3,-10,0.57500
26,7,21,68,-4,-1,0,-2,-1,-8,-0.7,2,-5,-0.5,-0.3,-0.2,-3,0.56350
24,12,103,402,-23,1,3,1,4,-14,-1.3,14,0,0.1,-0.1,0.6,-1,0.56350
22,6,20,82,-2,0,0,-1,1,-2,-0.2,3,1,0.1,0.2,0,2,0.56350
27,15,112,472,-5,6,0,-4,1,-2,-0.1,17,15,1.6,1.9,-0.2,19,0.67050
27,7,1,2,0,0,0,0,0,0,0,0,0,0,0,0,0,0.56350
28,5,155,662,28,1,-1,18,3,49,4.6,21,70,6.7,5,2,52,26.00000
24,9,116,469,-3,-1,1,-4,-5,-11,-0.9,17,6,0.7,1,-0.7,10,3.30000
27,8,39,139,-8,0,1,-3,1,-9,-0.9,5,-4,-0.5,-0.1,-0.3,-1,5.35000
27,2,132,482,12,-2,0,-10,5,5,0.7,17,22,2.3,3.1,-0.3,32,0.58120
24,6,152,546,-28,1,0,2,7,-18,-2.1,18,0,-0.3,-0.4,0.8,-2,0.56570
24,8,115,482,-3,2,0,8,1,8,0.9,17,25,2.5,1.6,1,17,0.56350
22,4,160,702,15,1,2,11,4,34,3,22,55,5.2,4.3,1.4,44,0.57500
25,15,71,157,-9,0,0,-5,-1,-15,-1.5,5,-9,-1,-0.5,-0.7,-4,0.56550
32,5,108,296,6,0,1,1,-1,7,0.6,10,17,1.5,1.5,-0.1,16,0.55500
26,13,40,86,-8,0,0,-1,1,-8,-0.9,3,-5,-0.6,-0.5,-0.1,-4,0.56350
27,11,9,28,-4,0,0,0,0,-4,-0.4,1,-3,-0.3,-0.3,0,-3,0.56350
25,6,159,664,0,0,0,26,8,35,3.2,22,56,5.3,2.9,3.3,30,1.66667
31,3,161,682,15,1,-1,0,-8,6,0.3,22,28,2.4,2.6,-1,28,14.50000
25,2,96,341,-3,-1,1,-5,5,-3,-0.2,12,9,1,1.4,0.2,14,0.56350
24,3,161,693,45,0,0,-3,-8,34,3,22,56,5.2,5.7,-1.3,59,0.55500
32,14,26,46,-9,0,0,4,-1,-6,-0.6,2,-4,-0.4,-0.8,0.4,-8,0.56350
28,14,14,47,-4,0,0,-4,-1,-8,-0.9,2,-7,-0.7,-0.3,-0.5,-3,0.56350
26,14,94,260,0,0,-1,6,-3,3,0.1,8,11,1,0.4,0.3,5,0.56350
30,15,44,68,-4,0,0,-2,0,-6,-0.6,2,-4,-0.4,-0.2,-0.2,-1,0.56350
22,5,156,702,32,-2,3,-10,3,26,2.7,24,49,4.9,5.8,-0.5,59,0.61450
28,7,34,96,-7,1,0,2,-1,-6,-0.6,3,-2,-0.3,-0.5,0.1,-4,0.56350
25,7,138,447,-15,0,2,-3,-4,-20,-2.2,15,-5,-0.8,-0.3,-0.8,-2,0.56000
38,14,29,26,-1,-1,0,0,0,-1,-0.2,1,-1,-0.1,-0.1,-0.1,-1,0.56350
24,8,123,481,16,3,1,-3,2,19,1.9,17,36,3.6,3.8,0.1,39,0.55750
27,9,151,628,-7,0,-3,-7,-3,-20,-1.7,23,3,0.4,1,-0.8,10,5.00000
24,14,19,23,2,-1,0,1,0,2,0.2,1,3,0.3,0.2,0.1,2,0.56350
27,3,29,43,-2,-1,0,0,0,-3,-0.3,1,-1,-0.2,-0.2,-0.1,-1,0.56350
25,2,6,11,-2,0,0,0,0,-3,-0.3,0,-2,-0.2,-0.2,0,-2,0.56350
24,2,30,105,4,0,1,0,2,6,0.6,4,10,1,1,0.2,10,0.56350
25,10,151,599,-1,1,0,-7,-11,-19,-1.6,21,3,0.4,1,-1.6,10,0.56200
35,2,9,20,0,0,0,-2,0,-2,-0.2,1,-1,-0.1,0.1,-0.2,1,0.56350
26,3,160,705,10,-1,-1,0,-9,-2,-0.5,22,20,1.6,1.8,-1.1,20,0.57500
23,13,30,80,-4,0,0,-1,1,-4,-0.3,3,-1,-0.1,0,0,0,0.56200
24,6,120,309,-19,1,2,-14,5,-25,-2.3,11,-14,-1.3,0,-0.8,0,0.55500
25,5,127,413,-10,-2,-1,-6,1,-18,-1.6,15,-3,-0.2,0.3,-0.3,3,0.55850
29,2,1,1,0,0,0,0,0,0,0,0,0,0,0,0,0,0.56350
29,7,138,482,-7,0,1,3,-5,-9,-0.7,17,9,1,0.6,0,6,2.00000
26,4,31,80,-1,0,0,-1,0,-2,-0.2,3,1,0,0.1,-0.1,2,0.56350
30,2,119,449,-1,-1,-1,19,7,24,2.5,16,40,4,2.1,2.7,21,2.62500
36,4,107,423,-3,-2,-1,-6,2,-9,-1.1,14,5,0.3,1,-0.5,11,24.00000
35,2,114,437,8,-1,-2,9,7,22,2.3,16,37,3.8,2.8,1.7,28,5.75000
31,2,5,15,-3,0,0,0,0,-2,-0.3,0,-2,-0.2,-0.2,0,-2,0.56350
26,8,44,122,-6,2,0,-1,1,-4,-0.5,4,0,-0.1,0,-0.1,1,0.55900
21,8,156,715,24,5,0,11,-1,40,3.6,21,61,5.7,4.8,0.9,50,0.56000
24,3,87,295,-9,-2,0,4,-4,-12,-1,11,-1,0,-0.5,0.1,-5,0.56950
26,13,7,17,-1,0,0,-2,0,-3,-0.3,1,-3,-0.2,-0.1,-0.2,0,0.80000
27,12,84,294,-12,1,1,-8,1,-18,-1.6,11,-7,-0.6,0.1,-0.6,1,0.56350
26,14,63,119,-7,1,1,-7,-1,-13,-1.3,4,-9,-0.9,-0.2,-0.8,-2,0.56000
25,4,145,581,-19,-4,2,-5,3,-22,-2,21,-1,0,0.4,0,4,7.83333
24,10,111,409,-5,0,-1,-2,-7,-16,-1.4,15,-1,0,0.1,-0.8,1,0.55750
29,13,6,9,-3,0,0,0,0,-2,-0.2,0,-2,-0.2,-0.2,0,-2,0.56350
36,2,83,249,-4,-1,0,1,4,0,-0.1,8,8,0.7,0.6,0.4,7,20.00000
35,7,144,508,10,1,-1,-3,-4,3,0.1,17,20,1.7,2.1,-0.9,23,19.00000
27,9,97,247,-10,-1,0,-2,-2,-15,-1.4,9,-6,-0.6,-0.4,-0.3,-4,0.55500
31,15,12,25,-1,0,0,-1,-1,-3,-0.3,1,-2,-0.2,-0.1,-0.1,-1,0.56350
32,13,14,22,-3,0,0,0,0,-3,-0.3,1,-2,-0.2,-0.2,0,-2,0.56350
31,5,52,163,-4,0,-1,-2,1,-7,-0.6,6,-1,-0.1,0.1,-0.1,1,0.56350
31,2,5,19,1,0,0,0,0,2,0.1,1,2,0.2,0.2,0,2,0.56350
27,15,23,83,-1,0,0,-1,-1,-3,-0.3,3,0,0,0.1,-0.2,1,0.56350
24,4,141,539,-9,2,0,3,2,-3,-0.5,18,15,1.2,1.1,0.4,12,0.56000
25,3,105,370,-17,-2,0,-4,-5,-29,-2.7,13,-16,-1.5,-1.2,-0.8,-12,0.55765
34,3,52,190,-4,1,0,3,-3,-3,-0.4,6,3,0.2,0,0,0,18.00000
27,5,47,187,-1,-2,1,-5,0,-7,-0.6,7,0,0,0.5,-0.4,5,0.57980
25,15,11,4,-1,0,0,0,0,-1,-0.1,0,-1,-0.1,-0.1,0,-1,0.56350
25,15,59,157,-7,0,-1,-2,-3,-13,-1.3,6,-8,-0.7,-0.6,-0.5,-6,0.55850
30,2,65,191,-13,0,1,-4,3,-13,-1.2,7,-7,-0.6,-0.2,0,-2,2.47500
29,4,42,139,-8,-2,0,-2,0,-10,-1.1,2,-8,-1.1,-0.6,-0.4,-6,9.77500
26,15,25,85,-3,0,0,0,-1,-4,-0.3,3,-1,-0.1,-0.1,0,-1,0.56350
25,8,126,500,-1,2,2,8,3,14,1.2,16,30,2.8,2.1,1,22,1.50000
28,8,30,95,-8,-1,0,1,0,-8,-0.8,3,-5,-0.5,-0.6,0.1,-6,0.62500
24,2,20,60,2,1,0,0,1,4,0.4,2,6,0.6,0.6,0.1,6,0.56350
34,15,76,139,-1,0,0,2,0,2,0.1,5,6,0.6,0.4,0.2,4,0.56350
25,2,5,12,-3,0,0,0,0,-3,-0.3,0,-2,-0.2,-0.2,0,-2,0.56350
26,7,26,83,2,-1,0,5,-1,5,0.6,3,8,0.8,0.3,0.4,3,0.56350
28,13,14,33,0,0,0,3,0,3,0.3,1,4,0.4,0.1,0.3,1,0.56350
23,15,42,168,3,-1,0,-10,0,-7,-0.6,6,-1,-0.1,0.8,-0.9,9,0.56350
24,13,25,61,-3,0,0,3,0,0,0,2,2,0.2,-0.1,0.4,-1,0.56350
36,10,151,660,13,2,1,-17,-9,-10,-0.7,23,13,1.5,3,-2.3,30,21.00000
24,10,106,425,15,0,3,0,-8,10,1.1,15,25,2.5,2.4,-0.7,25,0.65000
29,4,162,676,-9,-3,-2,4,4,-5,-0.8,22,17,1.4,1.2,0.7,13,11.85714
30,8,132,586,15,3,2,-9,3,14,1.1,18,32,2.9,4,-0.7,41,10.33333
28,9,93,393,-5,2,-1,1,-4,-7,-0.6,14,7,0.8,0.6,-0.1,6,7.33333
34,2,99,280,3,-1,1,-2,3,5,0.3,9,14,1.2,1.5,0.1,16,0.56350
36,3,29,99,-8,0,-1,1,-2,-10,-0.9,4,-6,-0.6,-0.7,0,-7,6.25000
28,2,7,10,-1,0,0,0,0,-1,-0.1,0,-1,-0.1,-0.1,0,-1,0.56350
27,8,117,361,-14,0,1,-9,0,-22,-2,13,-9,-0.8,0,-0.7,0,0.56350
29,2,7,20,-1,0,0,-1,0,-2,-0.2,1,-1,-0.2,0,-0.1,0,0.56350
25,15,20,48,-2,-1,0,-6,0,-9,-0.9,2,-7,-0.7,-0.1,-0.6,-1,0.56350
26,8,125,464,2,0,1,-9,0,-6,-0.4,17,11,1.2,1.9,-0.7,20,0.57860
23,12,35,69,0,1,0,-3,1,-2,-0.1,2,1,0.1,0.4,-0.2,4,0.55500
26,6,123,518,19,3,2,-12,6,18,1.9,19,37,3.7,4.7,-0.4,49,1.40000
29,6,88,328,1,0,0,-12,1,-10,-0.9,12,1,0.2,1.3,-1,13,1.75000
31,2,29,83,-7,0,0,-2,2,-8,-0.7,3,-5,-0.5,-0.3,0,-3,0.56350
26,7,91,250,-4,4,2,1,-2,1,0,8,9,0.8,0.8,-0.2,8,0.56350
25,7,41,128,2,0,0,4,-2,4,0.5,5,9,0.9,0.5,0.3,5,0.56350
33,5,133,499,6,-1,0,-3,2,4,0.2,16,21,1.8,2.3,-0.2,24,9.00000
28,2,75,281,8,0,0,5,4,17,1.8,10,27,2.7,2.1,1,22,0.56350
25,2,50,144,-12,-1,0,-1,3,-12,-1.3,5,-7,-0.8,-0.7,0.1,-6,0.55630
24,13,92,349,13,4,1,11,1,30,2.8,11,41,3.9,2.9,1.2,30,0.56350
30,13,80,321,9,1,0,-3,1,8,0.9,12,20,2,2.2,-0.1,23,1.35000
31,7,145,654,21,0,-2,2,-7,15,1.7,22,37,3.8,3.5,-0.3,35,4.10000
27,4,110,279,-7,0,0,3,0,-4,-0.4,3,-1,0.2,-0.4,0.6,-4,0.56350
27,2,121,411,-18,0,-1,15,7,4,0.2,13,17,1.5,0.1,2.1,2,0.96000
30,2,103,391,-4,0,0,0,0,-4,-0.4,1,-3,1,1.6,-0.2,-3,0.56350
24,9,48,186,-10,1,0,-9,-2,-20,-1.8,7,-13,-1.2,-0.4,-1,-4,0.56350
29,5,86,270,-20,0,0,1,1,-19,-2,9,-10,-1.2,-1.2,0.1,-11,4.67500
26,6,122,569,10,4,0,-1,7,19,1.7,17,36,3.3,3.6,0.4,37,3.72500
24,2,2,2,-1,0,0,0,0,-1,-0.1,0,-1,-0.1,-0.1,0,-1,0.56350
26,6,145,656,19,2,2,14,8,45,4.2,20,65,6.1,4.9,2.1,51,5.00000
27,9,154,679,31,-1,-3,-8,-8,11,1.3,23,34,3.5,4.1,-1.4,42,0.57550
34,6,5,13,0,0,0,0,0,0,0,0,1,0.1,0.1,0,1,20.00000
28,2,114,364,-10,-3,1,2,6,-4,-0.6,12,8,0.6,0.5,0.7,6,2.93750
24,13,69,201,-4,-1,-1,-4,1,-9,-1,7,-2,-0.3,0.1,-0.4,2,0.56350
27,3,89,179,1,1,0,0,0,1,0.1,1,2,0.4,0.3,-0.2,2,0.56350
33,2,85,310,-7,0,-1,-8,5,-11,-1.2,10,-1,-0.3,0.6,-0.4,7,4.00000
28,2,5,12,0,0,0,0,0,1,0.1,0,1,0.1,0.1,0,1,0.56350
28,9,89,294,0,1,-1,9,-4,4,0.5,11,15,1.5,0.6,0.6,6,0.57480
24,7,60,151,-1,0,0,0,-1,-2,-0.2,5,3,0.2,0.3,-0.2,3,0.56400
29,15,28,71,-9,1,0,3,1,-5,-0.6,2,-3,-0.4,-0.7,0.3,-6,0.88750
24,15,43,108,-3,2,0,-1,0,-2,-0.1,4,2,0.3,0.3,-0.1,3,0.57200
28,3,83,279,-4,0,0,-1,0,-5,-0.5,1,-4,-1.1,-1.1,-0.4,-3,0.56350
25,12,13,22,-1,0,0,0,0,-1,-0.1,1,0,0,0,0,0,0.56350
25,2,95,279,2,0,-1,-2,3,2,0.1,9,11,1,1.3,0,13,0.56950
22,8,155,617,-6,1,2,25,3,24,2.2,20,44,4.1,1.8,2.7,19,0.55780
20,5,123,514,6,-1,-1,-9,0,-5,-0.3,18,14,1.5,2.3,-0.7,23,0.56350
32,2,72,251,-7,-2,-1,-3,1,-12,-1.1,9,-3,-0.2,0,-0.1,0,7.25000
30,4,162,735,12,-3,0,2,-1,11,1.3,25,36,3.7,3.3,0.3,34,1.00000
28,7,155,490,-2,-2,-1,-9,-3,-17,-1.9,16,-1,-0.4,0.7,-1.4,8,5.50000
27,6,31,88,-8,0,1,2,1,-4,-0.3,3,0,0,-0.2,0.4,-2,0.56350
35,2,2,7,-1,0,0,-1,0,-2,-0.2,0,-2,-0.2,-0.1,-0.1,-1,0.56350
24,2,112,198,8,0,0,1,3,12,1.1,6,18,1.8,1.8,0.3,17,0.56350
22,6,30,110,-6,-1,-1,-3,2,-9,-0.9,4,-5,-0.5,-0.2,-0.1,-2,0.56350
27,15,58,204,-6,-1,0,0,0,-7,-0.6,7,0,0.1,0,0.1,0,0.56000
24,7,83,337,4,0,0,-7,-3,-7,-0.6,12,5,0.6,1.2,-0.9,12,0.56350
27,2,105,409,12,-1,1,2,6,20,1.8,13,33,3.1,3,0.7,31,0.68400
23,6,152,584,-2,2,1,12,8,21,2.2,21,42,4.2,2.9,2.1,30,0.56240
27,6,43,144,-9,-1,0,-7,2,-15,-1.5,5,-10,-1.1,-0.4,-0.5,-3,0.58110
27,4,89,285,7,-2,-1,-3,1,2,0,9,11,0.9,1.3,-0.3,14,3.75000
31,2,141,524,6,-3,-1,-2,8,7,0.5,17,24,2.2,2.5,0.4,26,7.25000
26,6,155,698,39,1,1,-14,8,36,3.6,24,60,5.9,7.1,-0.4,73,12.00000
27,15,34,66,-5,1,0,-2,0,-6,-0.7,2,-4,-0.5,-0.2,-0.2,-2,0.56350
36,2,113,452,-8,1,-1,2,7,1,-0.1,15,15,1.3,1.2,0.8,13,20.00000
24,15,88,181,-7,0,0,-4,1,-10,-1.1,6,-5,-0.6,-0.1,-0.4,-1,0.56200
31,2,97,358,-10,-2,0,9,6,3,0.1,12,14,1.3,0.5,1.4,5,7.08333
27,5,79,346,7,1,-1,-3,-2,2,0.3,12,14,1.4,1.7,-0.4,17,0.55840
31,15,28,78,-6,0,0,0,0,-6,-0.7,3,-4,-0.4,-0.4,0,-4,0.56350
28,9,149,611,-3,0,0,4,-3,-3,-0.4,13,11,1.3,1.3,-0.6,7,9.70000
30,2,153,632,18,-4,-2,-12,8,7,0.4,21,28,2.4,3.8,-0.6,40,16.00000
28,10,4,6,-2,0,0,0,0,-2,-0.2,0,-2,-0.2,-0.2,0,-2,15.50000
24,5,132,559,29,0,1,-4,3,29,2.9,20,49,4.8,5.1,0,53,0.57500
27,4,149,555,-15,-1,0,4,4,-8,-0.6,20,12,1.3,0.8,1,8,4.62500
25,8,44,105,-12,0,0,0,0,-11,-1.2,3,-8,-0.8,-0.8,0,-8,0.56350
32,3,121,335,-11,0,-1,-2,-5,-20,-1.9,9,-11,-0.9,-0.8,-0.7,-9,0.56350
22,10,87,369,33,-1,-1,1,-7,25,2.5,13,38,3.7,3.6,-0.5,37,0.56350
23,5,28,84,-6,0,-1,0,1,-6,-0.6,3,-3,-0.3,-0.3,0.1,-3,0.56350
35,3,144,612,20,-1,0,3,-5,17,1.8,22,39,3.9,3.5,-0.1,36,10.40000
25,5,8,16,-1,0,0,0,0,-1,-0.2,1,-1,-0.1,-0.1,0,-1,0.56350
24,10,27,102,-4,0,0,-2,-1,-6,-0.6,4,-3,-0.2,-0.1,-0.2,-1,0.56350
33,5,38,107,-17,0,0,1,1,-15,-1.5,4,-11,-1.1,-1.2,0.2,-12,12.66667
